[
    {
        "Fest name": "In It Together Festival",
        "Fest date": "Friday 26 - Sunday 28 May, 2023"
    },
    {
        "Fest name": "Parklife festival",
        "Fest date": "Saturday 10 - Sunday 11 June, 2023"
    },
    {
        "Fest name": "Kendal Calling  festival",
        "Fest date": "Thursday 27 - Sunday 30 July, 2023"
    },
    {
        "Fest name": "Camp Bestival Dorset festival",
        "Fest date": "Thursday 27 - Sunday 30 July, 2023"
    },
    {
        "Fest name": "Highest Point Festival",
        "Fest date": "Thursday 11 - Saturday 13 May, 2023"
    },
    {
        "Fest name": "Glastonbury Festival",
        "Fest date": "Wednesday 21 - Sunday 25 June, 2023"
    },
    {
        "Fest name": "Isle of Wight Festival",
        "Fest date": "Thursday 15 - Sunday 18 June, 2023"
    },
    {
        "Fest name": "Summer Sound Music Festival",
        "Fest date": "Friday 28 - Sunday 30 July, 2023"
    },
    {
        "Fest name": "LeeStock Music Festival",
        "Fest date": "Saturday 27 - Sunday 28 May, 2023"
    },
    {
        "Fest name": "Belladrum Tartan Heart Festival",
        "Fest date": "Thursday 27 - Saturday 29 July, 2023"
    },
    {
        "Fest name": "Leeds Festival",
        "Fest date": "Friday 25 - Sunday 27 August, 2023"
    },
    {
        "Fest name": "BST Hyde Park Festival",
        "Fest date": "Saturday, 24 June - Saturday 8 July, 2023"
    },
    {
        "Fest name": "Reading Festival",
        "Fest date": "Friday 25 - Sunday 27 August, 2023"
    },
    {
        "Fest name": "KISSTORY on Blackheath Festival",
        "Fest date": "Saturday 29 July, 2023"
    },
    {
        "Fest name": "Weyfest",
        "Fest date": "Friday 18 - Sunday 20 August, 2023"
    },
    {
        "Fest name": "Latitude Festival",
        "Fest date": "Thursday 20 - Sunday 23 July, 2023"
    },
    {
        "Fest name": "MADE Festival",
        "Fest date": "Saturday 29 July, 2023"
    },
    {
        "Fest name": "Highest Point Festival",
        "Fest date": "Thursday 11 - Saturday 13 May, 2023"
    },
    {
        "Fest name": "Boomtown  festival",
        "Fest date": "August 2023, TBC"
    },
    {
        "Fest name": "Camp Bestival Dorset festival",
        "Fest date": "Thursday 27 - Sunday 30 July, 2023"
    },
    {
        "Fest name": "The Great Escape Festival",
        "Fest date": "Wednesday 10 - Saturday 13 May, 2023"
    },
    {
        "Fest name": "Solfest",
        "Fest date": "Thursday 24 - Sunday 27 August, 2023"
    },
    {
        "Fest name": "bluedot  festival",
        "Fest date": "Thursday 20 - Sunday 23 July, 2023"
    },
    {
        "Fest name": "Knockengorroch Festival",
        "Fest date": "Thursday 25 - Sunday 28 May, 2023"
    },
    {
        "Fest name": "Mint Festival",
        "Fest date": "Saturday 16 - Sunday 17 September, 2023"
    },
    {
        "Fest name": "The Gathering festival",
        "Fest date": "Saturday 27 May, 2023"
    },
    {
        "Fest name": "Moovin Festival",
        "Fest date": "Friday 25 - Sunday 27 August, 2023"
    },
    {
        "Fest name": "Belladrum Tartan Heart Festival",
        "Fest date": "Thursday 27 - Saturday 29 July, 2023"
    },
    {
        "Fest name": "Weyfest",
        "Fest date": "Friday 18 - Sunday 20 August, 2023"
    },
    {
        "Fest name": "LeeStock Music Festival",
        "Fest date": "Saturday 27 - Sunday 28 May, 2023"
    },
    {
        "Fest name": "Big Family Festival",
        "Fest date": "Friday 4 - Monday 7 August, 2023"
    },
    {
        "Fest name": "Baltic Weekender Festival",
        "Fest date": "Friday 2 - Saturday 3 June, 2023"
    },
    {
        "Fest name": "Knockengorroch Festival",
        "Fest date": "Thursday 25 - Sunday 28 May, 2023"
    },
    {
        "Fest name": "Belladrum Tartan Heart Festival",
        "Fest date": "Thursday 27 - Saturday 29 July, 2023"
    },
    {
        "Fest name": "Boardmasters Festival",
        "Fest date": "Wednesday 9 - Sunday 13 August, 2023"
    },
    {
        "Fest name": "Glastonbury Festival",
        "Fest date": "Wednesday 21 - Sunday 25 June, 2023"
    },
    {
        "Fest name": "In It Together Festival",
        "Fest date": "Friday 26 - Sunday 28 May, 2023"
    },
    {
        "Fest name": "Kendal Calling  festival",
        "Fest date": "Thursday 27 - Sunday 30 July, 2023"
    },
    {
        "Fest name": "Boomtown  festival",
        "Fest date": "August 2023, TBC"
    },
    {
        "Fest name": "Big Family Festival",
        "Fest date": "Friday 4 - Monday 7 August, 2023"
    },
    {
        "Fest name": "Reggae Land Festival",
        "Fest date": "Saturday 5 - Sunday 6 August, 2023"
    },
    {
        "Fest name": "Solfest",
        "Fest date": "Thursday 24 - Sunday 27 August, 2023"
    },
    {
        "Fest name": "Hastings Reggae Festival",
        "Fest date": "Saturday 29 July, 2023"
    },
    {
        "Fest name": "Highest Point Festival",
        "Fest date": "Thursday 11 - Saturday 13 May, 2023"
    },
    {
        "Fest name": "Weyfest",
        "Fest date": "Friday 18 - Sunday 20 August, 2023"
    },
    {
        "Fest name": "bluedot  festival",
        "Fest date": "Thursday 20 - Sunday 23 July, 2023"
    },
    {
        "Fest name": "The Gathering festival",
        "Fest date": "Saturday 27 May, 2023"
    },
    {
        "Fest name": "Latitude Festival",
        "Fest date": "Thursday 20 - Sunday 23 July, 2023"
    },
    {
        "Fest name": "Boardmasters Festival",
        "Fest date": "Wednesday 9 - Sunday 13 August, 2023"
    },
    {
        "Fest name": "Kendal Calling  festival",
        "Fest date": "Thursday 27 - Sunday 30 July, 2023"
    },
    {
        "Fest name": "The Great Escape Festival",
        "Fest date": "Wednesday 10 - Saturday 13 May, 2023"
    },
    {
        "Fest name": "Reading Festival",
        "Fest date": "Friday 25 - Sunday 27 August, 2023"
    },
    {
        "Fest name": "Highest Point Festival",
        "Fest date": "Thursday 11 - Saturday 13 May, 2023"
    },
    {
        "Fest name": "The Gathering festival",
        "Fest date": "Saturday 27 May, 2023"
    },
    {
        "Fest name": "bluedot  festival",
        "Fest date": "Thursday 20 - Sunday 23 July, 2023"
    },
    {
        "Fest name": "Boomtown  festival",
        "Fest date": "August 2023, TBC"
    },
    {
        "Fest name": "In It Together Festival",
        "Fest date": "Friday 26 - Sunday 28 May, 2023"
    },
    {
        "Fest name": "Latitude Festival",
        "Fest date": "Thursday 20 - Sunday 23 July, 2023"
    },
    {
        "Fest name": "Belladrum Tartan Heart Festival",
        "Fest date": "Thursday 27 - Saturday 29 July, 2023"
    },
    {
        "Fest name": "Leeds Festival",
        "Fest date": "Friday 25 - Sunday 27 August, 2023"
    },
    {
        "Fest name": "Solfest",
        "Fest date": "Thursday 24 - Sunday 27 August, 2023"
    },
    {
        "Fest name": "Download Festival",
        "Fest date": "Thursday 8 - Sunday 11 June, 2023"
    },
    {
        "Fest name": "Glastonbury Festival",
        "Fest date": "Wednesday 21 - Sunday 25 June, 2023"
    },
    {
        "Fest name": "Weyfest",
        "Fest date": "Friday 18 - Sunday 20 August, 2023"
    },
    {
        "Fest name": "Kendal Calling  festival",
        "Fest date": "Thursday 27 - Sunday 30 July, 2023"
    },
    {
        "Fest name": "Creamfields North festival",
        "Fest date": "Thursday 24 - Sunday 27 August, 2023"
    },
    {
        "Fest name": "Restricted Forest Festival",
        "Fest date": "Saturday 24 June, 2023"
    },
    {
        "Fest name": "MADE Festival",
        "Fest date": "Saturday 29 July, 2023"
    },
    {
        "Fest name": "Hideout Festival",
        "Fest date": "Sunday 25 - Thursday 29 June, 2023"
    },
    {
        "Fest name": "Dream Valley Festival",
        "Fest date": "Friday 25 August, 2023"
    },
    {
        "Fest name": "Woodland Dance Project  festival",
        "Fest date": "Saturday 30 September, 2023"
    },
    {
        "Fest name": "Knockengorroch Festival",
        "Fest date": "Thursday 25 - Sunday 28 May, 2023"
    },
    {
        "Fest name": "Moovin Festival",
        "Fest date": "Friday 25 - Sunday 27 August, 2023"
    },
    {
        "Fest name": "Parklife festival",
        "Fest date": "Saturday 10 - Sunday 11 June, 2023"
    },
    {
        "Fest name": "Mint Festival",
        "Fest date": "Saturday 16 - Sunday 17 September, 2023"
    },
    {
        "Fest name": "FearFest",
        "Fest date": "Saturday 28 October, 2023"
    },
    {
        "Fest name": "Bassfest",
        "Fest date": "Saturday 29 - Sunday 30 July, 2023"
    },
    {
        "Fest name": "We Are FSTVL",
        "Fest date": "Friday 25 - Monday 28 August, 2023"
    },
    {
        "Fest name": "Coloursfest",
        "Fest date": "Saturday 5 August, 2023"
    },
    {
        "Fest name": "Highest Point Festival",
        "Fest date": "Thursday 11 - Saturday 13 May, 2023"
    },
    {
        "Fest name": "Moovin Festival",
        "Fest date": "Friday 25 - Sunday 27 August, 2023"
    },
    {
        "Fest name": "Coloursfest",
        "Fest date": "Saturday 5 August, 2023"
    },
    {
        "Fest name": "MADE Festival",
        "Fest date": "Saturday 29 July, 2023"
    },
    {
        "Fest name": "We Are FSTVL",
        "Fest date": "Friday 25 - Monday 28 August, 2023"
    },
    {
        "Fest name": "KISSTORY on Blackheath Festival",
        "Fest date": "Saturday 29 July, 2023"
    },
    {
        "Fest name": "Knockengorroch Festival",
        "Fest date": "Thursday 25 - Sunday 28 May, 2023"
    },
    {
        "Fest name": "FearFest",
        "Fest date": "Saturday 28 October, 2023"
    },
    {
        "Fest name": "Bassfest",
        "Fest date": "Saturday 29 - Sunday 30 July, 2023"
    },
    {
        "Fest name": "Highest Point Festival",
        "Fest date": "Thursday 11 - Saturday 13 May, 2023"
    },
    {
        "Fest name": "Baltic Weekender Festival",
        "Fest date": "Friday 2 - Saturday 3 June, 2023"
    },
    {
        "Fest name": "Restricted Forest Festival",
        "Fest date": "Saturday 24 June, 2023"
    },
    {
        "Fest name": "Reggae Land Festival",
        "Fest date": "Saturday 5 - Sunday 6 August, 2023"
    },
    {
        "Fest name": "Woodland Dance Project  festival",
        "Fest date": "Saturday 30 September, 2023"
    },
    {
        "Fest name": "Mint Festival",
        "Fest date": "Saturday 16 - Sunday 17 September, 2023"
    },
    {
        "Fest name": "Solfest",
        "Fest date": "Thursday 24 - Sunday 27 August, 2023"
    },
    {
        "Fest name": "Weyfest",
        "Fest date": "Friday 18 - Sunday 20 August, 2023"
    },
    {
        "Fest name": "When We Were Young Festival",
        "Fest date": "Saturday 21 October, 2023"
    },
    {
        "Fest name": "Rolling Loud Portugal festival",
        "Fest date": "Wednesday 5 - Friday 7 July, 2023"
    },
    {
        "Fest name": "Electric Castle Festival",
        "Fest date": "Wednesday 19 - Sunday 23 July, 2023"
    },
    {
        "Fest name": "Back 2 Ibiza Festival",
        "Fest date": "Wednesday 4 - Monday 9 October, 2023"
    },
    {
        "Fest name": "Lollapalooza Chicago festival",
        "Fest date": "Thursday 3 - Sunday 6 August, 2023"
    },
    {
        "Fest name": "NOS Primavera Sound Porto festival",
        "Fest date": "Wednesday 7 - Saturday 10 June, 2023"
    },
    {
        "Fest name": "Afro Nation Portugal festival",
        "Fest date": "Wednesday 28 - Friday 30 June, 2023"
    },
    {
        "Fest name": "Hideout Festival",
        "Fest date": "Sunday 25 - Thursday 29 June, 2023"
    },
    {
        "Fest name": "SuncéBeat Festival",
        "Fest date": "Thursday 20 - Thursday 27 July, 2023"
    },
    {
        "Fest name": "Mad Cool Festival",
        "Fest date": "Thursday 6 - Saturday 8 July, 2023"
    },
    {
        "Fest name": "Primavera Sound - Barcelona Festival",
        "Fest date": "Thursday 1 - Sunday 4 June, 2023"
    },
    {
        "Fest name": "Ibiza Burlesque Festival",
        "Fest date": "Saturday 16 September, 2023"
    },
    {
        "Fest name": "Dimensions Festival",
        "Fest date": "Thursday, 31 August - Monday 4 September, 2023"
    },
    {
        "Fest name": "Outlook Origins festival",
        "Fest date": "Thursday 27 - Monday 31 July, 2023"
    },
    {
        "Fest name": "The Modcast - Mallorca festival",
        "Fest date": "Friday, 30 June - Thursday 6 July, 2023"
    },
    {
        "Fest name": "Primavera Sound - Madrid Festival",
        "Fest date": "Wednesday 7 - Sunday 11 June, 2023"
    }
]